,team,timestamp,tweet_text,userid
0,cardinals,2022-11-27 20:03:01+00:00,"b""Made it @StateFarmStdm to see the Chargers have at it with the #AZCardinals, hopefully we'll hear a lot of the #BoltFam seeing how they've packed the parking lots around the stadium pregame. #BoltUp #BirdCityFootball #LACvsAZ https://t.co/v62RlyPPn3""",1185766026790592512
1,cardinals,2022-11-27 20:00:23+00:00,"b'#BirdCityFootball tailgating with the best group ever, Tailgate Warriors https://t.co/CaCvhLWi4G'",457206311
2,cardinals,2022-11-27 20:00:08+00:00,"b'""I will trust the line here and back the _______.""  @DeadPresPicks fills in the blank with who he\'s backing Chargers \xf0\x9f\x86\x9a Cardinals! \xe2\xa4\xb5\xef\xb8\x8f  #NFLPicks #BirdCityFootball #BoltUp | #BeatTheOdds\xf0\x9f\x91\x8a https://t.co/Qx5hUI5jGm'",1054384071516848130
3,cardinals,2022-11-27 19:56:58+00:00,b'First game in a few years for my NaNa!  @AZCardinals let\xe2\x80\x99s go baby!!! \xf0\x9f\x94\xa5\xf0\x9f\x94\xa5\xf0\x9f\x94\xa5  #BirdCityFootball @SeatGeek https://t.co/p3wWpT0Dgt',2314587139
4,cardinals,2022-11-27 19:48:01+00:00,b'Game Trailer Week 12 vs. Chargers #CardinalsFootball #CardinalsVideos #BirdCityFootball #RiseUpRedSea https://t.co/iJAuJScSGG',3011726562
5,cardinals,2022-11-27 19:47:39+00:00,b'Week 12 @nfl @chargers Vs. @AZCardinals #BirdCityFootball https://t.co/s9GvhN96W7',97736664
6,cardinals,2022-11-27 19:43:31+00:00,b'Not sure what to eat when you get to the @AZCardinals game? Try the pizza box nachos! #BirdCityFootball #arizonacardinals #riseupredsea #redsea #birdgang #pizzaboxnachos https://t.co/EkUCLvy0N8',16213403
7,cardinals,2022-11-27 19:40:17+00:00,b'#BirdCityFootball inactives https://t.co/pQ1vkSV1yF',350995258
8,cardinals,2022-11-27 19:37:15+00:00,"b'As mentioned yesterday CB Byron Murphy (Back) is OUT. WR Greg Dortch (Thumb) is officially OUT as well. It looks like we\xe2\x80\x99ll see a lot of Hop, Hollywood, and AJ Green out there. #AZCardinals #BirdCityFootball https://t.co/vNdXkI5vv7'",1120914217639366656
9,cardinals,2022-11-27 19:31:25+00:00,b'#BirdCityFootball Let\xe2\x80\x99s Go Cards! https://t.co/56lCJjJYmp',916451181567922176
10,cardinals,2022-11-27 19:31:10+00:00,b'Ready for this win today @AZCardinals and so ready for my favorite player @isaiahsimmons25 to be great today #9\xe2\x9d\xa4\xef\xb8\x8f\xe2\x9d\xa4\xef\xb8\x8f #BirdCityFootball',860853673
11,cardinals,2022-11-27 19:30:12+00:00,b'What day is today? Game Day!!! Con expectativas en este match de los #BoltUp vs #BirdCityFootball https://t.co/Ew5ebtb8IB',1448132794115248137
12,cardinals,2022-11-27 19:30:00+00:00,b'First TD scorers this season in #LACvsAZ   #BoltUp  - Zander Horvath (2) - Gerald Everett (1) - DeAndre Carter (1) - Joshua Palmer (1)  #BirdCityFootball  - Chris Banjo (1) - DeAndre Hopkins (1)',1582208935754452992
13,cardinals,2022-11-27 19:24:16+00:00,b'A little rivalry doesn\xe2\x80\x99t hurt.  \xf0\x9f\xa4\xb7\xf0\x9f\x8f\xbc\xe2\x80\x8d\xe2\x99\x80\xef\xb8\x8f\xf0\x9f\x8f\x88\xe2\x9d\xa4\xef\xb8\x8f #AZCardinals #BirdCityFootball https://t.co/U6PcRoex9e',1442673323574366213
14,cardinals,2022-11-27 19:23:52+00:00,"b""Need a big W today!!! LET'S GOOO!! #AZCardinals #BirdCityFootball https://t.co/Z7QKXxfAHo""",66613182
15,cardinals,2022-11-27 19:18:36+00:00,"b'@obj You may have never worn a Cardinals jersey in your life, but you will be come August #BirdCityFootball'",1343174875989598210
16,cardinals,2022-11-27 19:17:00+00:00,b'Drinking the juice \xf0\x9f\xa7\x83  Austin Ekeler has hit this line in seven of his last eight road games leading back to last year. \xf0\x9f\x91\x80  @ThatGuyBets breaks down his favorite player prop for Chargers \xf0\x9f\x86\x9a Cardinals:  #NFLPicks #BoltUp #BirdCityFootball | #BeatTheOdds\xf0\x9f\x91\x8a https://t.co/Aky1AB1nDt',1054384071516848130
17,cardinals,2022-11-27 19:17:00+00:00,"b'DeAndre Hopkins has scored a TD in 6 of his last 7 games when playing on a Sunday, while also seeing 91 or more receiving yards in 4 of his last 5 games  #BirdCityFootball #BoltUp #NFL #NFLTwitter #FantasyFootball'",996145596200255488
18,cardinals,2022-11-27 19:15:00+00:00,"b'Austin Ekeler has scored 2 or more TDs in 4 of his last 5 games when #BoltUp is the favorite, while James Conner has scored a TD in 11 of his last 12 home games when facing the AFC   #BirdCityFootball #NFL #NFLTwitter #FantasyFootball'",996145596200255488
19,cardinals,2022-11-27 19:13:00+00:00,b'#BoltUp has covered the spread in 5 straight road games and has been given a 50% chance to cover a -3-point spread against #BirdCityFootball   #NFL #NFLTwitter',996145596200255488
20,cardinals,2022-11-27 19:10:00+00:00,"b'#BirdCityFootball has lost 9 of its last 10 home games and is the underdog, given a 44.4% chance to beat #BoltUp   #NFL #NFLTwitter'",996145596200255488
21,cardinals,2022-11-27 19:07:29+00:00,b'Celebrating my birthday with my grandson and husband tailgating before the @AZCardinals football game #BirdCityFootball\xe2\x80\xaf\xe2\x80\xaf\xe2\x80\xaf #birdcity #riseupredsea https://t.co/gxMe2iyefu',20352913
22,cardinals,2022-11-27 19:06:38+00:00,b'Celebrating my birthday with my grandson and husband tailgating before the @AZCardinals football game #BirdCityFootball #birdcity #riseupredsea',20352913
23,cardinals,2022-11-27 19:01:38+00:00,b'\xf0\x9f\x9a\xa8#CircaSportsMillion\xf0\x9f\x92\xb8WEEK\xf0\x9f\x8f\x8812\xf0\x9f\x9a\xa8  \xf0\x9f\x90\xa6 #BirdCityFootball +4.5  Line steamed to ARI +2.5 with QB Kyler Murray &amp; WR Hollywood Brown set to return  #BoltUp WR Mike Williams (ankle) OUT  LAC (32nd) opp yards/rush  Opponents LAC has beaten are 18-30-1  \xf0\x9f\x90\x95\xf0\x9f\x90\x95\xf0\x9f\x90\x95  #LACvsAZ #gamblingtwitter',1283310563158831105
24,cardinals,2022-11-27 18:53:01+00:00,"b'Cardinals WR Greg Dortch unlikely to play vs. Chargers, per report #BeRedSeeRed #BirdCityFootball #CardinalsNation https://t.co/fhIOSwR4Rj'",3011726562
25,cardinals,2022-11-27 18:52:29+00:00,b'We just hope both teams have fun today.  \xf0\x9f\xab\xa3\xe2\x9d\xa4\xef\xb8\x8f\xf0\x9f\x8f\x88 #riseup #redsea #AZCardinals #BirdCityFootball https://t.co/eA0OnXlIVB',1442673323574366213
26,cardinals,2022-11-27 18:49:02+00:00,b'Celebrating Sophia\xe2\x80\x99s 10th birthday! Let\xe2\x80\x99s get this win AZ Cardinals! #BirdCityFootball @ State Farm Stadium https://t.co/JncjF3AJok',62441797
27,cardinals,2022-11-27 18:40:41+00:00,"b'Can\xe2\x80\x99t be at State Farm Stadium today, but always representing even if it\xe2\x80\x99s from Hard Rock Stadium.  Go Cardinals beat the Chargers.  #BirdCityFootball https://t.co/mfEbi9TMOp'",1029313621
28,cardinals,2022-11-27 18:23:48+00:00,"b'As much as I want the cardinals to win today, I\xe2\x80\x99d prefer a loss. One step closer to potentially acquiring Sean Payton #azcardinals #BirdCityFootball #birdgang #redsea'",932815691522043904
29,cardinals,2022-11-27 18:16:29+00:00,b'If kliff can\xe2\x80\x99t win today he should just vacant his role as head coach #BirdCityFootball',3271332013
30,cardinals,2022-11-27 18:08:31+00:00,b'\xf0\x9f\x8f\x88 who\xe2\x80\x99s winning the one?   @chargers vs @AZCardinals #BoltUp #BirdCityFootball \xf0\x9f\x8f\x88',1591252866928443392
31,cardinals,2022-11-27 18:07:00+00:00,b'SHOW ME YOUR LIGHTNING BOLT!    GAME DAY!  #BirdCityFootball #HardKnocks https://t.co/iaRtcD1YTO',20417716
32,cardinals,2022-11-27 18:04:58+00:00,b'Heading to the @AZCardinals game to celebrate her double digit birthday.   Her goal is to get @DeAndreHopkins or @JJWatt to say hi.  #BirdCityFootball #RiseUpRedSea #GoCards  Section 103.  \xe2\x9d\xa4\xef\xb8\x8f\xe2\x9d\xa4\xef\xb8\x8f\xe2\x9d\xa4\xef\xb8\x8f https://t.co/ZWsPNhE8Tt',60464949
33,cardinals,2022-11-27 17:47:02+00:00,b'Week 12 NFL early games staff picks and predictions #CardinalsFootball #BirdCityFootball #RiseUpRedSea https://t.co/jOcKWpP9ng',3011726562
34,cardinals,2022-11-27 17:42:36+00:00,b'PLAYS OF THE DAY: Dolphins 1H TT O15.5 Jags +3.5 Titans ML Cardinals +3.5 Saints +8.5 Back after a couple days off let\xe2\x80\x99s roll #bettingtwitter #SportsGambling #gamblingtwitter #BirdCityFootball #NFL #Titans #FinsUp',1416479996865126401
35,cardinals,2022-11-27 17:39:58+00:00,b'*** TRIPLE DIME ALERT ***  3* [267] Los Angeles Chargers -3 +100 vs [268] Arizona Cardinals  #NFL #BoltUp #BirdCityFootball #NFLPicks',1052100645589843969
36,cardinals,2022-11-27 17:39:56+00:00,b'@AZCardinals game day!!!! Let\xe2\x80\x99s go Cards!!! @K1 is back @Primetime_jet is back and having him and @DeAndreHopkins on the same field will be fun to watch today!!! I believe @AZCardinals win today 35-24 #RiseUpRedSea #BirdCityFootball https://t.co/T2O1EiB9iT',1346071778
37,cardinals,2022-11-27 17:37:57+00:00,b'@AZCardinals first game for this little Cardinals Fan! \xe2\x9d\xa4\xef\xb8\x8f #BirdCityFootball #redsea #birdcity #phoenix #arizona #nfl #football #sundayfunday https://t.co/645r4C9ujB',25942287
38,cardinals,2022-11-27 17:36:01+00:00,"b""'Madden' sim has Cardinals losing to Chargers on last-second FG #CardinalsFootball #BirdCityFootball #RiseUpRedSea https://t.co/3ln2TFrO17""",3011726562
39,cardinals,2022-11-27 17:12:39+00:00,"b'The Chargers are 5-0 ATS on the road this season.  The Cardinals are 10-4 ATS in their last 14 games as an underdog.   #BoltUp                    -3 #BirdCityFootball   49  ML: LAC -145, AZ +125 https://t.co/pvRTCI4lRh'",1304816218856136704
40,cardinals,2022-11-27 17:12:33+00:00,b'Thanks to @ProFootballHOF @AZCardinals CB Roger Wehrli for signing my 8x10 photo #HOFer #Collect #TTM #TTMSuccess #Hobby #Autograph #BirdCityFootball https://t.co/qQNFvUYwxQ',43924803
41,cardinals,2022-11-27 16:52:35+00:00,b'Here\xe2\x80\x99s my Preview of the #BoltItUp #BirdCityFootball Game.  Coming off winning both Top Plays on Saturday including my 5% on Texas Tech. Today I have 5 NFL Plays and I\xe2\x80\x99m riding a 10-3 NFL Run. Get all 5 Plays for $29 at https://t.co/Ot3xy8QS3a exclusively \xe2\x81\xa6@WagerTalk\xe2\x81\xa9 https://t.co/3qc5sVvpz0',22451264
42,cardinals,2022-11-27 16:52:00+00:00,b'3 Best Prop Bets for Arizona Cardinals vs. Chargers #CardinalsFootball #BirdCityFootball #RiseUpRedSea https://t.co/C81Xthb8bZ',3011726562
43,cardinals,2022-11-27 16:41:01+00:00,b'Cardinals-Chargers Game Preview: 5 questions and answers with the Week 12 enemy #CardinalsFootball #BirdCityFootball #RiseUpRedSea https://t.co/WzYGDQWxcS',3011726562
44,cardinals,2022-11-27 16:37:47+00:00,b'LFG!!! FOOTBALL SUNDAY IL BE WORKING THE CARDS VS CHARGERS GAME! #BirdCityFootball',1342380103
45,cardinals,2022-11-27 16:29:51+00:00,"b""@AZCardinals @markusgolden We've created a free printable with the aim of embracing more fans from the wider #BirdCityFootball community, particularly those alone/in hospital/in other difficult situations \xe2\x9d\xa4\xef\xb8\x8f Everyone can get their copy here https://t.co/ePyZKkjUET #LACvsAZ""",1453687723466821635
46,cardinals,2022-11-27 16:08:29+00:00,b'Nfl week 12. Go Cards Go #chihuahuasoftwitter #BirdCityFootball #gocardsgo #birdgang #riseupredsea #AZCardinals #arizonacardinals https://t.co/tnndtHhVx8',16250945
47,cardinals,2022-11-27 15:47:34+00:00,b'Are we looking at another Super Bowl 57 ritual today!   Arizona Cardinals can go 5-7 on the season if they win \xf0\x9f\x8f\x86   Super Bowl 57 is being held in Arizona!   #BirdCityFootball #BoltUp https://t.co/d4FUCm9Erq',957491256334176256
48,cardinals,2022-11-27 15:35:02+00:00,"b'How to watch, stream, listen to Cardinals play Chargers in Week 12 #CardinalsFootball #BirdCityFootball #RiseUpRedSea https://t.co/VSetLr0KZt'",3011726562
49,cardinals,2022-11-27 15:27:29+00:00,"b'Hoy juegan Hollywood, Hopkins y Kyler juntos \xf0\x9f\xa4\xaf #BirdCityFootball  #RedSea @AZCardenales https://t.co/Flzk5fVXFm'",1442901334592667656
50,cardinals,2022-11-27 15:14:23+00:00,b'Good Morning Game Day\xe2\x80\xa6 #BirdCityFootball \xf0\x9f\x91\x88still stupid',1075954302907121664
51,cardinals,2022-11-27 15:02:52+00:00,"b'Loss in Mexico, Colt vs. Kyler, Sean Kugler, Cardinals-Chargers preview #CardinalsFootball #BirdCityFootball #RiseUpRedSea https://t.co/lxCza7mDMK'",3011726562
52,cardinals,2022-11-27 15:01:10+00:00,"b'11/27/11 \xe2\x80\x93 Beanie Wells rushed for a franchise-rec 228yds in a 23-20 road win at the St. Louis Rams. Wells was the first 1Kyd/10 RB in franchise hist. W/3:14 left in the 3Q, Patrick Peterson returned a 80yd punt for TD, his 4th return, all for 80+, #NFL records. #BirdCityFootball https://t.co/guIcfqmgvT'",1014026853353308161
53,cardinals,2022-11-27 15:01:01+00:00,"b""\xf0\x9f\x8f\x88 The Los Angeles Chargers have allowed something to happen in 3\xef\xb8\x8f\xe2\x83\xa3 of their last 4\xef\xb8\x8f\xe2\x83\xa3 games.  \xf0\x9f\x91\x80 Will it continue today when they face the Cardinals? Find out what 'it' is that could help you find a winning bet \xf0\x9f\x91\x87  #BoltUp #BirdCityFootball #NFL #LACvsARI  https://t.co/R1A2bvIqm4""",613571331
54,cardinals,2022-11-27 14:51:01+00:00,b'WR Greg Dortch not expected to play for Cardinals vs. Chargers #CardinalsFootball #BirdCityFootball #RiseUpRedSea https://t.co/siOcsT83Yn',3011726562
55,cardinals,2022-11-27 14:46:22+00:00,"b'Great day to be a #BirdCityFootball fan Kyler is back, Hollywood is finally healthy, and Kyler\xe2\x80\x99s kill/death ratio in the new Call of Duty is higher than 2  This team is getting hot at the right time of the season \xf0\x9f\x94\xa5 https://t.co/8X6p9elsel'",1040975253768470528
56,cardinals,2022-11-27 14:43:13+00:00,b'GAMEDAY #LACvsAZ #BirdCityFootball',4273199539
57,cardinals,2022-11-27 14:42:30+00:00,"b""@1Bearsfan1985 @NFLUK Actually it's called #BirdCityFootball""",1422946127750606853
58,cardinals,2022-11-27 14:40:01+00:00,"b'Cardinals add 2 WR, TE Maxx Williams to roster for game vs. Chargers #CardinalsFootball #BirdCityFootball #RiseUpRedSea https://t.co/UAICW1k0zf'",3011726562
59,cardinals,2022-11-27 14:29:01+00:00,b'NFL Week 12 TV coverage maps #CardinalsFootball #BirdCityFootball #RiseUpRedSea https://t.co/Td54Sxanzr',3011726562
61,cardinals,2022-11-27 13:34:21+00:00,b'\xf0\x9f\x94\xb9WEEK 12 \xf0\x9f\x94\xb9   @chargers (5-5) @  @Cardinals (4-6)   #BoltUp | #BirdCityFootball  #LACvsAZ | @NFLonCBS',1340326398
62,cardinals,2022-11-27 13:10:29+00:00,b'Who Ya Got for Chargers vs. Cardinals? #LACvsAZ #BoltUp #BirdCityFootball',1487498808615489539
63,cardinals,2022-11-27 12:57:01+00:00,b'Chargers vs. Cardinals Week 12 Preview and Prediction #BeRedSeeRed #BirdCityFootball #CardinalsNation https://t.co/yd77HE5S4Y',3011726562
64,cardinals,2022-11-27 12:46:00+00:00,"b'Chargers vs. Cardinals: Game time, TV schedule, streaming and more\xc2\xa0 #CardinalsFootball #BirdCityFootball #RiseUpRedSea https://t.co/6oPatrNPr6'",3011726562
65,cardinals,2022-11-27 12:17:00+00:00,b'\xf0\x9f\x94\x91 Austin Ekeler has 11 touchdowns through ten games this season.  Will he find the end zone in Week 12? \xf0\x9f\xa4\x94  @Jason_Radowitz feeds us his 3\xef\xb8\x8f\xe2\x83\xa3 anytime TD scorer bets for this game:  #NFLPicks #BirdCityFootball #BoltUp | #BeatTheOdds\xf0\x9f\x91\x8a https://t.co/vjSaSbT2S2',1054384071516848130
66,cardinals,2022-11-27 12:02:48+00:00,"b'NFL Games Today TV Schedule: Start Times, Live Streams, and More for Week 12 #BeRedSeeRed #BirdCityFootball #CardinalsNation https://t.co/QHaoAR3tAH'",3011726562
67,cardinals,2022-11-27 12:00:01+00:00,"b""Argos' head coach Ryan Dinwiddie remains in contact with former Grey Cup backup, Arizona Cardinals head coach Kliff Kingsbury  Via @brendanhowardmc   https://t.co/FpYsQvIUGS  #CFL #Argos #PullTogether #BirdCityFootball https://t.co/B9YRXnWaag""",499638760
68,cardinals,2022-11-27 11:51:33+00:00,"b'#nfl #LACvsAZ   This could be a shootout, even if the Cards are a bit beaten up. They have better receivers, but the Chargers have the advantage at RB + QB, and go close enough in terms of defensive talent.  #BoltUp 34 #BirdCityFootball 27'",69252198
69,cardinals,2022-11-27 10:45:00+00:00,"b'Bird Droppings: Kyler Murray and Marquise Brown to play, DeAndre Hopkins fined, D.J. Humphries to IR and more #CardinalsFootball #BirdCityFootball #RiseUpRedSea https://t.co/z6yzDEtIr8'",3011726562
70,cardinals,2022-11-27 05:58:25+00:00,b'@AZCardinals WR Greg Dortch is unlikely to play tomorrow vs the @chargers   #BirdCityFootball',1308957822873411585
71,cardinals,2022-11-27 04:37:00+00:00,"b'Cardinals activate Marquise Brown from IR, place Zach Ertz, D.J. Humphries on IR #CardinalsFootball #BirdCityFootball #RiseUpRedSea https://t.co/dYUVinWvUi'",3011726562
72,cardinals,2022-11-27 04:26:00+00:00,"b'NFL picks, Week 12: Betting picks for winners, spread, total #CardinalsFootball #BirdCityFootball #RiseUpRedSea https://t.co/BAs2vjVfiZ'",3011726562
73,cardinals,2022-11-27 04:18:11+00:00,b'Cards vs Chargers\xe2\x80\xa6 2:05p kickoff! Y\xe2\x80\x99all ready?? #BirdCityFootball',16213403
74,cardinals,2022-11-27 03:53:00+00:00,b'Jim Harbaugh hasn\xe2\x80\x99t closed the door on the NFL; could 2023 be the year he returns? #BeRedSeeRed #BirdCityFootball #CardinalsNation https://t.co/relSCz54cT',3011726562
75,cardinals,2022-11-27 03:42:00+00:00,b'What we have learned through 3 weeks of Hard Knocks: In Season with the Arizona Cardinals #CardinalsFootball #BirdCityFootball #RiseUpRedSea https://t.co/3LomeIH5M6',3011726562
76,cardinals,2022-11-27 02:46:00+00:00,b'3 Best Bets for the Arizona Cardinals vs. Chargers \xe2\x80\x93 Week 12 #CardinalsFootball #BirdCityFootball #RiseUpRedSea https://t.co/1IGhgRR8wE',3011726562
77,cardinals,2022-11-27 02:24:00+00:00,b'Game Trailer: Arizona Cardinals vs. Los Angeles Chargers | Week 12 #CardinalsFootball #BirdCityFootball #RiseUpRedSea https://t.co/NqzEF4ryPp',3011726562
78,cardinals,2022-11-27 02:13:00+00:00,"b'NFL Week 12 Predictions and Picks Against the Spread: Jets, Commanders, Seahawks Continue Playoff Pushes #BeRedSeeRed #BirdCityFootball #CardinalsNation https://t.co/kNKdN9AdiX'",3011726562
79,cardinals,2022-11-27 01:16:11+00:00,"b'October 23, 2016 SEA vs ARI 12:40 left in the 3rd quarter 1st and 20 on SEA 39.0 yard line (SHOTGUN) SEA rushed to the RIGHT TACKLE for -1.0 yards.  #NFL #BirdCityFootball #Seahawks https://t.co/QNobIimPtw'",1474902145652637696
80,cardinals,2022-11-27 01:00:26+00:00,"b'11/26/17 \xe2\x80\x93 Phil Dawson hit a career-long 57yd FG w/1sec remaining to put a pin in a 27-24 Arizona Cardinals (5-6) comeback victory over the Jacksonville Jaguars, capping off a wild 4Q that included 3 TOs &amp; 3TDs. Gabbert: 22-38-241, 2TDs, 1INT. Peterson: 20-79. #BirdCityFootball https://t.co/6aWJSNyM8X'",1014026853353308161
81,cardinals,2022-11-27 00:45:00+00:00,b'Chargers\xe2\x80\x99 Austin Ekeler presents \xe2\x80\x98tough out\xe2\x80\x99 for Cardinals defense #BeRedSeeRed #BirdCityFootball #CardinalsNation https://t.co/mH4H3BDBxa',3011726562
82,cardinals,2022-11-27 00:00:58+00:00,"b'11/26/95 \xe2\x80\x93 A week after gaining just 96yds in a loss at expan. Carolina, Dave Krieg threw 27-43-413, 4TDs/2INTs - AZ had 513yds total O, in a 40-37 OT Cardinals win over ATL. ATL P Dan Stryzinski fumbled a punt in OT. Davis: 28yd FG to win. ATL led 20-6 (2Q). #BirdCityFootball https://t.co/Ncd7GQ2vjG'",1014026853353308161
83,cardinals,2022-11-27 00:00:57+00:00,b'Plot twist: Kliff leaves the cardinals for a college job. \xf0\x9f\xa4\xaf #BirdCityFootball',294761059
84,cardinals,2022-11-26 23:50:02+00:00,b'Minor NFL Transactions: 11/26/22 #BeRedSeeRed #BirdCityFootball #CardinalsNation https://t.co/zdXRd2UY8j',3011726562
85,cardinals,2022-11-26 23:17:00+00:00,"b'Cardinals activate Brown, Hopkins fined for taunting #BeRedSeeRed #BirdCityFootball #CardinalsNation https://t.co/TR3UZR29Y9'",3011726562
86,cardinals,2022-11-26 22:22:02+00:00,"b'Cardinals activate Hollywood Brown, place Zach Ertz, D.J. Humphries on IR #BeRedSeeRed #BirdCityFootball #CardinalsNation https://t.co/M367m6z2rg'",3011726562
87,cardinals,2022-11-26 22:11:03+00:00,b'3 reasons Sean Payton will be the Arizona Cardinals coach in 2023 #CardinalsFootball #BirdCityFootball #RiseUpRedSea https://t.co/GktiVwtTr4',3011726562
88,cardinals,2022-11-26 22:01:57+00:00,"b'Marquise Brown Activated; D.J. Humphries, Zach Ertz To Injured Reserve #CardinalsFootball #CardinalsNews #BirdCityFootball #RiseUpRedSea https://t.co/SyQmvlNc22'",3011726562
89,cardinals,2022-11-26 21:25:54+00:00,b'Arizona Cardinals and Week 12 NFL staff picks and predictions #birdcityfootball #neredseered #bhivenectar https://t.co/IyTLBebU9c',1371676081
90,cardinals,2022-11-26 21:25:21+00:00,b'Cardinals season in a nutshell #BirdCityFootball https://t.co/rALgi1fFpE https://t.co/YAIfSvnYj7',1497372908653629445
91,cardinals,2022-11-26 21:23:25+00:00,b'He\xe2\x80\x99s back.   #AZCardinals #BirdCityFootball   https://t.co/AcxGvfHU2q',50192971
92,cardinals,2022-11-26 21:10:32+00:00,b'@AdamSchefter WEATHER  12/20/1998 New Orleans Saints @ Arizona Cardinals 57 degrees- relative humidity 63%- wind 6 mph Final Score... New Orleans Saints: 17 Arizona Cardinals: 19  #NFL #BirdCityFootball #Saints https://t.co/g0plmINyfE',1474902145652637696
93,cardinals,2022-11-26 20:40:46+00:00,b'Nothing but Nuk since he took the field \xf0\x9f\x99\x8c  #BirdCityFootball https://t.co/lW1iaY5QYT',1303332009079721986
94,cardinals,2022-11-26 20:11:25+00:00,b'MY NEW @Buddabaker3 JERSEY!!!!!! #BuddaBaker3\xe2\x9d\xa4\xf0\x9f\x96\xa4\xf0\x9f\x8f\x88 #BIRDGANG4LIFE #AZCARDINALS4LIFE #BirdCityFootball #RiseUpRedSea \xe2\x9d\xa4\xf0\x9f\x96\xa4\xf0\x9f\x8f\x88\xf0\x9f\x94\xa5\xf0\x9f\x8f\x9c https://t.co/3earT9DgRo',3167048544
96,cardinals,2022-11-26 19:48:00+00:00,b'Cardinals to have both star receivers together for 1st time in 2022 #CardinalsFootball #BirdCityFootball #RiseUpRedSea https://t.co/6TZhhTfqz0',3011726562
97,cardinals,2022-11-26 19:45:00+00:00,b'The public is on the Chargers...are you\xe2\x9d\x93  @ColbysBets breaks down everything we need to know when betting Chargers \xf0\x9f\x86\x9a Cardinals:  #NFLPicks #BoltUp #BirdCityFootball | #BeatTheOdds\xf0\x9f\x91\x8a https://t.co/7koOcIefcl',1054384071516848130
98,cardinals,2022-11-26 19:37:00+00:00,b'Cardinals vs. Chargers Week 12 expert picks and predictions #CardinalsFootball #BirdCityFootball #RiseUpRedSea https://t.co/QW265iRjl9',3011726562
99,cardinals,2022-11-26 19:26:00+00:00,b'Marquise Brown expected to play vs. Chargers #CardinalsFootball #BirdCityFootball #RiseUpRedSea https://t.co/ww5dUCP5Pu',3011726562
100,cardinals,2022-11-26 19:00:15+00:00,b'DeAndre Hopkins on Ward\xe2\x80\x99s \xe2\x80\x98steroid boy\xe2\x80\x99 rant: \xe2\x80\x98I pray for people like that\xe2\x80\x99 #BeRedSeeRed #BirdCityFootball #CardinalsNation https://t.co/o6BhNosPSS',3011726562
101,cardinals,2022-11-26 18:53:00+00:00,b'Arizona Cardinals will use injuries as excuse for the 2022 collapse #CardinalsFootball #BirdCityFootball #RiseUpRedSea https://t.co/j5KNPSG1KO',3011726562
102,cardinals,2022-11-26 18:42:01+00:00,b'Cardinals Working To Get Focus On Games Ahead #CardinalsFootball #CardinalsNews #BirdCityFootball #RiseUpRedSea https://t.co/5elEElodzd',3011726562
103,cardinals,2022-11-26 17:47:01+00:00,b'Cheerleader of the Week - Kesha #CardinalsFootball #CardinalsVideos #BirdCityFootball #RiseUpRedSea https://t.co/Qs9j74NQFz',3011726562
104,cardinals,2022-11-26 17:08:46+00:00,"b'Chargers at Cardinals Betting Pick and Preview, NFL Week 12  #BoltUp #BirdCityFootball https://t.co/6cuLidPnzp'",882299052771115010
105,cardinals,2022-11-26 16:52:02+00:00,b'DeAndre Hopkins is wasting away with the Arizona Cardinals #CardinalsFootball #BirdCityFootball #RiseUpRedSea https://t.co/VUrGUAuAT4',3011726562
106,cardinals,2022-11-26 16:41:00+00:00,b'Greg \xe2\x80\x9cDortch the Torch\xe2\x80\x9d deserves full-time role on Cardinals\xe2\x80\x99 offense #CardinalsFootball #BirdCityFootball #RiseUpRedSea https://t.co/jJOGsBBUMV',3011726562
107,cardinals,2022-11-26 15:32:40+00:00,b'@Cardschatter @AZCardinals It\xe2\x80\x99s my sons first birthday today! #AZCardinals #BirdCityFootball #RideUpRedSea \xe2\x9d\xa4\xef\xb8\x8f https://t.co/aSMrIRx1BG',1483107271135666186
108,cardinals,2022-11-26 15:22:19+00:00,"b'The Cardinals always do great against WR1\xe2\x80\x99s, so do we get another Josh Palmer game on Sunday? #BoltUp #BirdCityFootball'",1311138655172521985
109,cardinals,2022-11-26 15:17:56+00:00,b'PFF TEAM GRADES  Passing #BirdCityFootball 65.5 (rank 16th) #BoltUp 74.7 (rank 10th)  Pass Blocking Cardinals 69.6 (rank 9th) Chargers 60.2 (rank 22nd)  Source: https://t.co/v99MLD6oSq  @BagelsWithLocks Powered by @PoundingdaTable #GAMBLINGTWITTER #SPORTSBETTING (10/10) https://t.co/HaaQ5ka436',1594362471787249666
110,cardinals,2022-11-26 15:17:54+00:00,b'Opponent Rush Yards Per Attempt Cardinals 4.6 (rank 19th) Chargers 5.5 (rank 32nd) 16.4% edge for #BirdCityFootball  Source: https://t.co/SWI3yG1uhv  (7/10) https://t.co/KyiggNvFix',1594362471787249666
111,cardinals,2022-11-26 15:17:50+00:00,b'Rush Yards Per Attempt Cardinals 4.2 (rank 21st) Chargers 3.7 (rank 30th) 12% edge for #BirdCityFootball  Source: https://t.co/39NznaTgxX  (3/10) https://t.co/zFIvbEAJEr',1594362471787249666
112,cardinals,2022-11-26 15:17:48+00:00,b'#NFL WEEK 12 NOTES &amp; DATA THREAD @BagelsWithLocks Powered by @PoundingdaTable  Nov 27th 4:05 ET -3 #BoltUp @ #BirdCityFootball Total 48.5  Cardinals: SU 4-7/ATS 5-6/ OU 6-4-1 Chargers: SU 5-5/ATS 7-3/OU 5-5  #GAMBLINGTWITTER #SPORTSBETTING #LACvsAZ  (1/10) https://t.co/AdbxHtoaWP',1594362471787249666
113,cardinals,2022-11-26 15:05:50+00:00,"b'""Arizona is on the watch list if the Cardinals don\'t turn things around.""  Sean Payton to the #AZCardinals coaching speculation continues to swirl. #BirdCityFootball https://t.co/rJsncsBVm4'",4923452545
114,cardinals,2022-11-26 12:46:00+00:00,b'SB Nation Reacts: Arizona Cardinals fans don\xe2\x80\x99t see anything to be confident about after Monday Night Football embarrassment #CardinalsFootball #BirdCityFootball #RiseUpRedSea https://t.co/tEuH3uqnaL',3011726562
115,cardinals,2022-11-26 05:15:00+00:00,"b'James Conner player props odds, tips and betting trends for Week 12 | Cardinals vs. Chargers #CardinalsFootball #BirdCityFootball #RiseUpRedSea https://t.co/YZxAV34FEq'",3011726562
116,cardinals,2022-11-26 05:08:00+00:00,"b'DeAndre Hopkins player props odds, tips and betting trends for Week 12 | Cardinals vs. Chargers #CardinalsFootball #BirdCityFootball #RiseUpRedSea https://t.co/QzpYyytjqi'",3011726562
117,cardinals,2022-11-26 04:59:00+00:00,"b'Kyler Murray player props odds, tips and betting trends for Week 12 | Cardinals vs. Chargers #CardinalsFootball #BirdCityFootball #RiseUpRedSea https://t.co/z3zg7Yw8EG'",3011726562
118,cardinals,2022-11-26 04:37:00+00:00,b'Arizona Cardinals can beat the NFL\xe2\x80\x99s bad teams but not the good ones #CardinalsFootball #BirdCityFootball #RiseUpRedSea https://t.co/mtgZt2q7Hj',3011726562
119,cardinals,2022-11-26 04:18:48+00:00,"b""11/25/01 \xe2\x80\x93 Arizona shocked both the Chargers at the 49,398 in SD when Jake Plummer led his 2nd of 3 straight 4Q comebacks, driving from the Cardinals' 37yd line to SD's 24 in just 5 plays (and a hold), setting up a Bill Gramatica game-winning FG and 20-17 win. #BirdCityFootball https://t.co/DdGK1O3joR""",1014026853353308161
120,cardinals,2022-11-26 03:53:00+00:00,b'Cardinals vs. Chargers ultimate Week 12 preview #CardinalsFootball #BirdCityFootball #RiseUpRedSea https://t.co/e3KMAJfqAI',3011726562
121,cardinals,2022-11-26 02:58:00+00:00,b'Cardinals Expected To Activate WR Marquise Brown For Sunday #BeRedSeeRed #BirdCityFootball #CardinalsNation https://t.co/gChwBrxsDg',3011726562
122,cardinals,2022-11-26 02:46:00+00:00,"b'Cardinals Cover 2 - Kyler Murray, Hollywood Brown Expected Back #CardinalsPodcast #CardinalsFootball #BirdCityFootball #RiseUpRedSea https://t.co/mMwYFPOhCY'",3011726562
123,cardinals,2022-11-26 02:24:00+00:00,"b'NFL 2022 Week 12 injury report roundup: Cam Jordan, Marshon Lattimore questionable for Saints #BeRedSeeRed #BirdCityFootball #CardinalsNation https://t.co/zHw3FFvV1R'",3011726562
124,cardinals,2022-11-26 02:13:01+00:00,"b'Coaching Rumors: Evero, Bevell, Downing #BeRedSeeRed #BirdCityFootball #CardinalsNation https://t.co/nuUGDFKKVz'",3011726562
125,cardinals,2022-11-26 02:02:15+00:00,"b'Cardinals Cover 2 - Kyler Murray, Hollywood Brown Expected Back #CardinalsFootball #CardinalsAudio #BirdCityFootball #RiseUpRedSea https://t.co/J2lvIkxArT'",3011726562
126,cardinals,2022-11-26 01:23:35+00:00,b'@birdgangsfinest @akwong31 It would be nice for K1 to come out and silence all the haters with a great game. #BirdCityFootball',294761059
127,cardinals,2022-11-26 00:45:02+00:00,"b'Kliff Kingsbury expects Kyler Murray, Hollywood Brown to play vs. Chargers #BeRedSeeRed #BirdCityFootball #CardinalsNation https://t.co/gFAmZDKR38'",3011726562
128,cardinals,2022-11-26 00:34:00+00:00,"b'Chargers-Cardinals injury report: Murphy Jr. out, Murray to be active #BeRedSeeRed #BirdCityFootball #CardinalsNation https://t.co/f22wjwy9VO'",3011726562
129,cardinals,2022-11-26 00:30:19+00:00,"b""How to watch Sunday's #AZCardinals vs. #Chargers game on TV. #BoltUp #BirdCityFootball https://t.co/Tz3ei03RG9""",4923452545
130,cardinals,2022-11-26 00:23:00+00:00,"b'Effort, Emotion Of The Moment, And Friday Before The Chargers #CardinalsFootball #WordsFromTheBirds #BirdCityFootball #RiseUpRedSea https://t.co/seKiyChMmZ'",3011726562
131,cardinals,2022-11-26 00:12:00+00:00,b'Rondale Moore out; Kyler Murray a full go for Cardinals vs. Chargers #CardinalsFootball #BirdCityFootball #RiseUpRedSea https://t.co/qt1yqhCp1q',3011726562
132,cardinals,2022-11-26 00:04:19+00:00,b'Pick One #BirdCityFootball',1528123165888630791
133,cardinals,2022-11-26 00:04:17+00:00,b'Pick One #BirdCityFootball',1528123165888630791
134,cardinals,2022-11-26 00:01:15+00:00,"b""LB Ben Niemann quietly has been important part of Cardinals' defense #CardinalsFootball #BirdCityFootball #RiseUpRedSea https://t.co/ZLRAoJMzL7""",3011726562
135,cardinals,2022-11-25 23:23:41+00:00,b'Will the #AZCardinals beat the #Chargers on Sunday? Week 12 picks and predictions for the #BirdCityFootball vs. #BoltUp game. https://t.co/zAutzlngRl',4923452545
136,cardinals,2022-11-25 22:51:14+00:00,"b""The #AZCardinals are a 3-point underdog vs. #Chargers in Sunda7y's #NFL Week 12 game. #BirdCityFootball #BoltUp https://t.co/gS392KrAFD""",4923452545
137,cardinals,2022-11-25 22:44:01+00:00,b'Kyler Murray officially off Cardinals injury report #BeRedSeeRed #BirdCityFootball #CardinalsNation https://t.co/NnPiyohb0g',3011726562
138,cardinals,2022-11-25 22:33:00+00:00,b'Mike Williams out for Week 12 #BeRedSeeRed #BirdCityFootball #CardinalsNation https://t.co/6ZYqRmipdD',3011726562
139,cardinals,2022-11-25 22:22:00+00:00,b'DeAndre Hopkins finds Charvarius Ward\xe2\x80\x99s \xe2\x80\x9csteroid boy\xe2\x80\x9d attack \xe2\x80\x9claughable\xe2\x80\x9d #BeRedSeeRed #BirdCityFootball #CardinalsNation https://t.co/ascbkutMPy',3011726562
140,cardinals,2022-11-25 22:11:00+00:00,b'Latest On Sean Payton-Chargers Fit; Cardinals On Radar? #BeRedSeeRed #BirdCityFootball #CardinalsNation https://t.co/9KzeFqvae7',3011726562
141,cardinals,2022-11-25 22:00:39+00:00,"b'Arizona Cardinals week 12 best bets, odds, preview and more #CardinalsFootball #BirdCityFootball #RiseUpRedSea https://t.co/ZnQh9DLaWJ'",3011726562
142,cardinals,2022-11-25 21:49:01+00:00,"b""Kingsbury on Murray: 'Looks Sharp' #CardinalsFootball #CardinalsVideos #BirdCityFootball #RiseUpRedSea https://t.co/JgW7RBW5uj""",3011726562
143,cardinals,2022-11-25 21:19:16+00:00,b'@SpoonOfZeke can you help me find a lot more #birdcityfootball #RepBX #ThunderUp fans to follow?',194738361
144,cardinals,2022-11-25 21:05:07+00:00,"b'Cardinals expect Kyler Murray, Hollywood Brown back this week #BeRedSeeRed #BirdCityFootball #CardinalsNation https://t.co/IGa16CHnNB'",3011726562
145,cardinals,2022-11-25 20:54:05+00:00,"b'Chargers-Cardinals injury report: Murphy Jr., Humphries ruled out #BeRedSeeRed #BirdCityFootball #CardinalsNation https://t.co/wAYWVby0h7'",3011726562
146,cardinals,2022-11-25 20:43:00+00:00,b'VIDEO: Cardinals Players And Staff Serve Over 500 Thanksgiving Meals\xc2\xa0 #CardinalsFootball #CardinalsVideos #BirdCityFootball #RiseUpRedSea https://t.co/fXa4A2CHo7',3011726562
147,cardinals,2022-11-25 20:32:00+00:00,b'Live: Kliff Kingsbury Press Conference Week 12 vs. Chargers #CardinalsFootball #BirdCityFootball #RiseUpRedSea https://t.co/7ucauoZspx',3011726562
148,cardinals,2022-11-25 20:17:49+00:00,"b'""I\'ve been told to watch Arizona as a potential Sean Payton destination.""  The #AZCardinals still have a head coach. That hasn\'t stopped speculation from swirling about a potential replacement for Kliff Kingsbury ... #BirdCityFootball https://t.co/rJsncsBVm4'",4923452545
149,cardinals,2022-11-25 20:13:14+00:00,b'Some positive injury news for the #AZCardinals : QB Kyler Murray (Hamstring) is expecting to start on Sunday vs the chargers and WR Marquise Brown (Foot) is expected to be activated from IR to the active roster and play on Sunday. #BirdCityFootball',1120914217639366656
150,cardinals,2022-11-25 20:10:00+00:00,"b'Kelvin Beachum, Lorenzo Alexander start enrichment series at school in Phoenix #BeRedSeeRed #BirdCityFootball #CardinalsNation https://t.co/jiKe27vO3z'",3011726562
151,cardinals,2022-11-25 19:59:01+00:00,b'Arizona Cardinals: 3 inconvenient truths about Kyler Murray #CardinalsFootball #BirdCityFootball #RiseUpRedSea https://t.co/15AJyYiHRc',3011726562
152,cardinals,2022-11-25 19:55:40+00:00,"b'\xf0\x9f\x86\x95 Episode 32: Kickoff in the Valley an @audacysports Original Podcast  \xf0\x9f\x8f\x88 Sean Payton to coach Cardinals?  \xf0\x9f\x8e\x99\xef\xb8\x8f @TheeGunner &amp; @MrTylerVasquez host the official podcast of the Birdgang, for the fans by the fans!  \xf0\x9f\x94\x8a Download/Subscribe  https://t.co/qRAfF9Xh48  #birdcityfootball https://t.co/937eFJLrvv'",4846683095
153,cardinals,2022-11-25 19:48:00+00:00,b'Arizona Cardinals and Week 12 NFL staff picks and predictions #CardinalsFootball #BirdCityFootball #RiseUpRedSea https://t.co/tGLvPe7blT',3011726562
154,cardinals,2022-11-25 18:53:00+00:00,b'Arizona Cardinals Hard Knocks Episode 3 #CardinalsFootball #BirdCityFootball #RiseUpRedSea https://t.co/7N7RXxkEiu',3011726562
155,cardinals,2022-11-25 18:42:03+00:00,b'Family Reunion For Ben Niemann At Cardinals-Chargers #CardinalsFootball #CardinalsNews #BirdCityFootball #RiseUpRedSea https://t.co/Xi8Je3zZHz',3011726562
156,cardinals,2022-11-25 17:47:00+00:00,b'Time for the Arizona Cardinals to push the panic button? #CardinalsFootball #BirdCityFootball #RiseUpRedSea https://t.co/yxLgYCpIOi',3011726562
157,cardinals,2022-11-25 17:36:00+00:00,b'Three Big Things: Chargers Week #CardinalsFootball #CardinalsNews #BirdCityFootball #RiseUpRedSea https://t.co/OjHKqlPjk8',3011726562
158,cardinals,2022-11-25 16:52:02+00:00,b'Kyler Murray unites with fan he inspired during boy\xe2\x80\x99s cancer treatment #BeRedSeeRed #BirdCityFootball #CardinalsNation https://t.co/KkcXbhsgI8',3011726562
159,cardinals,2022-11-25 15:57:08+00:00,b'Kyler Murray full participant for 2nd straight day in new injury report #CardinalsFootball #BirdCityFootball #RiseUpRedSea https://t.co/g3TE4l1JQh',3011726562
160,cardinals,2022-11-25 15:13:00+00:00,"b'2023 NFL Mock Draft: C.J. Stroud, Anthony Richardson Lead Six QBs Off Board in Round 1 #BeRedSeeRed #BirdCityFootball #CardinalsNation https://t.co/1aNQ08reQQ'",3011726562
161,cardinals,2022-11-25 14:51:00+00:00,"b'Bird Droppings: Kyler Murray likely to play, Marquise Brown could see limited snaps, preparing for Chargers and more #CardinalsFootball #BirdCityFootball #RiseUpRedSea https://t.co/Sn7Q841GVt'",3011726562
162,cardinals,2022-11-25 14:07:01+00:00,b'How have the Cardinals done against the Chargers before? #CardinalsFootball #BirdCityFootball #RiseUpRedSea https://t.co/Kf0IqrTcHs',3011726562
163,cardinals,2022-11-25 13:12:00+00:00,b'Arizona Cardinals vs. Chargers Prediction and Odds \xe2\x80\x93 Week 12 #CardinalsFootball #BirdCityFootball #RiseUpRedSea https://t.co/7Svob7pBQ1',3011726562
164,cardinals,2022-11-25 12:46:00+00:00,b'Behind Enemy Lines: Chargers struggling to defend in Year 2 under Staley #BeRedSeeRed #BirdCityFootball #CardinalsNation https://t.co/Wgk0CL5oup',3011726562
165,cardinals,2022-11-25 12:35:00+00:00,"b'Patriots at Vikings Thanksgiving Day Football: How to watch, game time, TV schedule, streaming and more #CardinalsFootball #BirdCityFootball #RiseUpRedSea https://t.co/shK8myzSFG'",3011726562
166,cardinals,2022-11-25 11:51:00+00:00,b'Chargers-Cardinals injury report: Rondale Moore listed out Thursday #BeRedSeeRed #BirdCityFootball #CardinalsNation https://t.co/aZ6N8cuNiJ',3011726562
167,cardinals,2022-11-25 11:40:00+00:00,b'Cardinals Expect Kyler Murray To Return In Week 12 #BeRedSeeRed #BirdCityFootball #CardinalsNation https://t.co/2gYRSLCRc1',3011726562
168,cardinals,2022-11-25 11:29:00+00:00,b'NFL Practice Squad Updates: 11/23/22 #BeRedSeeRed #BirdCityFootball #CardinalsNation https://t.co/RelpW3sw8C',3011726562
169,cardinals,2022-11-25 11:18:00+00:00,"b'Giants at Cowboys Thanksgiving Day Football: How to watch, game time, TV schedule, streaming and more #CardinalsFootball #BirdCityFootball #RiseUpRedSea https://t.co/i8nx0co2j4'",3011726562
170,cardinals,2022-11-25 11:07:00+00:00,"b""Joseph: 'That's NFL Football' #CardinalsFootball #CardinalsVideos #BirdCityFootball #RiseUpRedSea https://t.co/hjRQcTdkMc""",3011726562
171,cardinals,2022-11-25 10:56:00+00:00,b'Greg Dortch Carries Torch For More Playing Time #CardinalsFootball #CardinalsNews #BirdCityFootball #RiseUpRedSea https://t.co/ugoTtAD3ps',3011726562
172,cardinals,2022-11-25 10:12:00+00:00,b'Tiny Mic: Thanksgiving Questions with Kelvin Beachum #CardinalsFootball #BirdCityFootball #RiseUpRedSea https://t.co/zo5uKGAUd2',3011726562
173,cardinals,2022-11-25 10:01:23+00:00,"b""What's new with the Chargers in 2022? #CardinalsFootball #BirdCityFootball #RiseUpRedSea https://t.co/lGGwhfvYBA""",3011726562
174,cardinals,2022-11-25 09:50:01+00:00,b'Thanksgiving games all have NFC playoff implications #CardinalsFootball #BirdCityFootball #RiseUpRedSea https://t.co/YFTmOgtZSz',3011726562
175,cardinals,2022-11-25 08:55:00+00:00,b'Arizona Sports Thanksgiving: 5 things fans can be thankful for #BeRedSeeRed #BirdCityFootball #CardinalsNation https://t.co/IG10n0StvS',3011726562
176,cardinals,2022-11-25 08:44:00+00:00,b'Marquise Brown to have limited snap count if activated for Chargers #CardinalsFootball #BirdCityFootball #RiseUpRedSea https://t.co/nwOgWexjgm',3011726562
177,cardinals,2022-11-25 08:00:21+00:00,"b'Lions vs. Bills: How to watch, game time, TV schedule, streaming and more #CardinalsFootball #BirdCityFootball #RiseUpRedSea https://t.co/6BI6ptWpFf'",3011726562
178,cardinals,2022-11-25 06:21:03+00:00,b'Arizona Cardinals: Making the case for cutting ties with Steve Keim #CardinalsFootball #BirdCityFootball #RiseUpRedSea https://t.co/usAMo97238',3011726562
179,cardinals,2022-11-25 06:10:01+00:00,b'Card Stock: Week 11 vs. San Francisco 49ers #CardinalsFootball #BirdCityFootball #RiseUpRedSea https://t.co/bEYACTmOOP',3011726562
180,cardinals,2022-11-25 05:59:00+00:00,"b'NFL Week 12 Picks and Predictions: Lock of the Week, Upset of the Week, and Score Predictions For Every Game #BeRedSeeRed #BirdCityFootball #CardinalsNation https://t.co/JlFRBfaMYd'",3011726562
181,cardinals,2022-11-25 05:26:00+00:00,b'Happy Thanksgiving To Everyone at ROTB #CardinalsFootball #BirdCityFootball #RiseUpRedSea https://t.co/bIu7bIrE0U',3011726562
182,cardinals,2022-11-25 04:59:00+00:00,b'Arizona Cardinals: Making the case to flush Kingsbury\xe2\x80\x99s coaching tenure #CardinalsFootball #BirdCityFootball #RiseUpRedSea https://t.co/GYW8rxpoBP',3011726562
183,cardinals,2022-11-25 04:37:00+00:00,b'Kliff Kingsbury: Coaching staff changes \xe2\x80\x9cnot ideal\xe2\x80\x9d for a team or focus #BeRedSeeRed #BirdCityFootball #CardinalsNation https://t.co/IhJsr39DCz',3011726562
184,cardinals,2022-11-25 04:18:41+00:00,b'Final injury reports for both teams https://t.co/l5eCXsXA37\xe2\x80\xa6  #Skol\xc2\xa0\xc2\xa0\xc2\xa0\xc2\xa0 #Patriots #NFLTwitter\xc2\xa0\xc2\xa0\xc2\xa0\xc2\xa0 #TNFonPrime\xc2\xa0\xc2\xa0\xc2\xa0 #BoltUp\xc2\xa0\xc2\xa0\xc2\xa0 #BirdCityFootball\xc2\xa0\xc2\xa0\xc2\xa0  @T_Peters27 @terr_peters27 @TeePeters27 @T_Peters177 @MikeClayNFL @MikeTagliereNFL @mikefreemanNFL  https://t.co/A8MHObHhTg https://t.co/MGRUFWsfPC',439832704
185,cardinals,2022-11-25 02:30:14+00:00,"b""11/24/96 \xe2\x80\x93 Boomer Esiason (24-43-367, 3TDs) led the Arizona Cardinals on a six-play, 66yd drive capped by a 24yd TD pass to Marcus Dowdell (2-42) w/14sec left to beat the Philadelphia Eagles in Tempe, 36-30 (AZ's 3rd straight win). Moore: 9-156. Sanders: 6-90. #BirdCityFootball https://t.co/ENRCPGuBnf""",1014026853353308161
186,cardinals,2022-11-25 02:24:00+00:00,"b'Hard Knocks recap: No Eno Benjamin, Hamilton opens up on comeback #BeRedSeeRed #BirdCityFootball #CardinalsNation https://t.co/VMJBziRxKc'",3011726562
187,cardinals,2022-11-25 02:00:46+00:00,"b""11/24/13 \xe2\x80\x93 The Arizona Cardinals (7-4) won their 4th in a row, this one in dominant fashion, 40-11 over the Colts, rook HC Bruce Arians' 1st game against his former team. AZ scored 20pts in the 2Q. Palmer: 26-37-314, 2TDs. Luck: 20-39-163-1-1. Fitz: 5-52, 2TDs. #BirdCityFootball https://t.co/59pGS4ET5g""",1014026853353308161
188,cardinals,2022-11-25 01:29:00+00:00,b'Cardinals Cover 2 - Hard Knocks Reax: Episode 3 #CardinalsPodcast #CardinalsFootball #BirdCityFootball #RiseUpRedSea https://t.co/YGRgOpzWoM',3011726562
189,cardinals,2022-11-25 01:20:51+00:00,b'Week 12 Matchup Preview for the game between The Los Angeles Chargers #BoltUp and Arizona Cardinals #BirdCityFootball   #NFLTwitter #FantasyFootball @MyFantasyLeague https://t.co/DIpIuV3Osp',1528123165888630791
190,cardinals,2022-11-25 00:56:01+00:00,b'Cardinals Cover 2 - Hard Knocks Reax: Episode 3 #CardinalsFootball #CardinalsAudio #BirdCityFootball #RiseUpRedSea https://t.co/8EodIs7YnP',3011726562
191,cardinals,2022-11-25 00:45:01+00:00,"b""Wired: James Conner Mic'd Up Arizona Cardinals vs. San Francisco 49ers Week 11 #CardinalsFootball #CardinalsVideos #BirdCityFootball #RiseUpRedSea https://t.co/WPMgmxlkmx""",3011726562
192,cardinals,2022-11-25 00:34:00+00:00,"b""Takeaways From 'Hard Knocks In Season': Colt McCoy Almost Retired #CardinalsFootball #CardinalsNews #BirdCityFootball #RiseUpRedSea https://t.co/w1w13kS5A6""",3011726562
193,cardinals,2022-11-25 00:23:00+00:00,"b""Wired: James Conner Mic'd Up Week 11 vs. San Francisco 49ers #CardinalsFootball #BirdCityFootball #RiseUpRedSea https://t.co/c6J57goSs2""",3011726562
194,cardinals,2022-11-24 23:59:46+00:00,b'Another point by a wide receiver with a no call. ( yeh I\xe2\x80\x99m still hurt ) #BirdCityFootball',38624932
195,cardinals,2022-11-24 23:58:58+00:00,"b'Nuk got flagged for taunting like that, Lamb should be, also. #BirdCityFootball'",1469183147275399168
196,cardinals,2022-11-24 23:50:00+00:00,b'49ers DB Charvarius Ward calls DeAndre Hopkins \xe2\x80\x98steroid boy\xe2\x80\x99 after matchup #BeRedSeeRed #BirdCityFootball #CardinalsNation https://t.co/uUUy18YYL9',3011726562
197,cardinals,2022-11-24 23:39:00+00:00,b'PODCAST: Do the Cardinals have a QB problem &amp; culture problem? #CardinalsFootball #BirdCityFootball #RiseUpRedSea https://t.co/jaQxDsJyIJ',3011726562
199,cardinals,2022-11-24 22:59:32+00:00,b'Cowboys are committing so many dumb penalties even #BirdCityFootball is like damn.',47493646
201,cardinals,2022-11-24 22:22:01+00:00,b'Cardinals\xe2\x80\x99 Hollywood Brown could see snap count if he plays vs. Chargers #BeRedSeeRed #BirdCityFootball #CardinalsNation https://t.co/63jZAywJut',3011726562
202,cardinals,2022-11-24 22:11:01+00:00,b'Game Plan With Kliff Kingsbury Week 12 vs. Chargers #CardinalsFootball #CardinalsVideos #BirdCityFootball #RiseUpRedSea https://t.co/qGYH00EqCL',3011726562
203,cardinals,2022-11-24 22:01:38+00:00,"b""Thompson: 'What Can You Do To Build Up Your Teammates' #CardinalsFootball #CardinalsVideos #BirdCityFootball #RiseUpRedSea https://t.co/bIDJL93rZp""",3011726562
204,cardinals,2022-11-24 21:55:24+00:00,"b""Team1 Christian's BOSS Team Transaction2 Week12...  Free Agent ADD  _________________ WR- Odell Beckham Jr.  DROP ______ WR- Rondale Moore (Doubtful Groin Cards BYE Week next week)  #NFL #OdellBeckhamJr  #NFLTwitter #BirdCityFootball #sports https://t.co/r8pKVUBjA8""",1448279944413462532
205,cardinals,2022-11-24 21:49:05+00:00,"b""Collins: 'We Got To Take It One Game At A Time' #CardinalsFootball #CardinalsVideos #BirdCityFootball #RiseUpRedSea https://t.co/obJ7jqEvX0""",3011726562
206,cardinals,2022-11-24 21:45:13+00:00,"b'To all the american @AZCardinals fans that follow me, in the nicest way possible i hope we batter you at the world cup tomorrow \xf0\x9f\x98\x81 #BirdCityFootball'",564094130
207,cardinals,2022-11-24 21:44:14+00:00,b'Final injury reports for both teams https://t.co/l5eCXsXA37\xe2\x80\xa6  #Skol\xc2\xa0\xc2\xa0\xc2\xa0 #Patriots #NFLTwitter\xc2\xa0\xc2\xa0\xc2\xa0 #TNFonPrime\xc2\xa0\xc2\xa0 #BoltUp\xc2\xa0\xc2\xa0 #BirdCityFootball\xc2\xa0\xc2\xa0  @T_Peters27 @terr_peters27 @TeePeters27 @T_Peters177 @MikeClayNFL @MikeTagliereNFL @mikefreemanNFL   https://t.co/DFp9l8BNHv https://t.co/QQ7YmK6JcU',439832704
208,cardinals,2022-11-24 21:38:01+00:00,"b""Beachum: 'We Gotta Find A Way To Get A Win' #CardinalsFootball #CardinalsVideos #BirdCityFootball #RiseUpRedSea https://t.co/lLCzqWAXUB""",3011726562
209,cardinals,2022-11-24 21:27:04+00:00,"b""Murray: 'I Feel Good' #CardinalsFootball #CardinalsVideos #BirdCityFootball #RiseUpRedSea https://t.co/NRbCOlrOD8""",3011726562
210,cardinals,2022-11-24 21:16:03+00:00,"b""Kingsbury: 'They Continue To Show Up And Battle' #CardinalsFootball #CardinalsVideos #BirdCityFootball #RiseUpRedSea https://t.co/fuR8t6kJYs""",3011726562
211,cardinals,2022-11-24 21:05:06+00:00,b'Birds Eye View: Sights &amp; Sounds vs. San Francisco 49ers in Mexico City | Week 11 #CardinalsFootball #BirdCityFootball #RiseUpRedSea https://t.co/JZRwZPchmP',3011726562
212,cardinals,2022-11-24 20:43:00+00:00,"b'Loss in Mexico, Colt vs. Kyler, Sean Kugler, Cardinals-Chargers preview #CardinalsPodcast #BeRedSeeRed #BirdCityFootball #CardinalsNation https://t.co/chNFcwpdJk'",3011726562
213,cardinals,2022-11-24 20:26:01+00:00,b'No major changes to the injury report except Max Garcia and Trysten Hill were upgraded from limited to full   #AZCardinals #BirdCityFootball https://t.co/YvN3t4uMC3',50192971
214,cardinals,2022-11-24 20:21:09+00:00,b'QB Kyler Murray with his second full practice in a row and is trending towards played vs the Chargers. #BirdCityFootball https://t.co/kOiKPNMDdK',1120914217639366656
215,cardinals,2022-11-24 20:21:01+00:00,b'Will new episode of Hard Knocks address Eno Benjamin or Sean Kugler? #BeRedSeeRed #BirdCityFootball #CardinalsNation https://t.co/BfjxODSuiI',3011726562
216,cardinals,2022-11-24 19:59:01+00:00,b'Sean Kugler situation yet another distraction for Arizona Cardinals in 2022 #BeRedSeeRed #BirdCityFootball #CardinalsNation https://t.co/SMda6B32t0',3011726562
217,cardinals,2022-11-24 19:48:00+00:00,b'WR Rondale Moore to miss at least 1 game with groin injury #CardinalsFootball #BirdCityFootball #RiseUpRedSea https://t.co/lIoGBOF9S2',3011726562
218,cardinals,2022-11-24 19:01:48+00:00,"b'Kyler Murray feels good, believes he will play Sunday vs. Chargers #CardinalsFootball #BirdCityFootball #RiseUpRedSea https://t.co/AiqpFxF8sy'",3011726562
219,cardinals,2022-11-24 18:53:02+00:00,"b""Kyler Murray a full participant on Cardinals' first injury report of the week #CardinalsFootball #BirdCityFootball #RiseUpRedSea https://t.co/qvqAjDMAZ3""",3011726562
220,cardinals,2022-11-24 18:37:03+00:00,"b'I remember a trade request happening when browns were in it. And if I remember, Chad Johnson got released in a episode featuring the dolphins because of an off field incident? #BirdCityFootball https://t.co/Pl4PHYo14i'",294761059
221,cardinals,2022-11-24 18:29:53+00:00,"b'Thanks to everyone who has supported me in this endeavor.  Big thanks to @adamrank for making the introduction to his production team.   Without this talented crew, there would be no @sickpodkelly. \xf0\x9f\xa5\xb0  And thanks to all of YOU for watching! See you next week! #BirdCityFootball https://t.co/a1OWBB4o3G https://t.co/o23ykG7Xwj'",19838731
222,cardinals,2022-11-24 17:58:00+00:00,b'Arizona Cardinals fire Sean Kugler following incident in Mexico City #CardinalsFootball #BirdCityFootball #RiseUpRedSea https://t.co/lVn2JUNVMZ',3011726562
223,cardinals,2022-11-24 17:43:08+00:00,b'I don\xe2\x80\x99t like being lied to and quite frankly that episode of #HardKnocks was 45 minutes of bullshit fluff pieces to hide the reality from a team who said they would be fully transparent. What were your thoughts?#BirdCityFootball',825338425133764608
225,cardinals,2022-11-24 17:04:26+00:00,b'I am very happy with my web\xcc\x8dsite and its content. \xf0\x9f\xa4\xb2  #kidlitart #tenlee #gethonestjoe #novsari #whodat #birdcityfootball #brendale #lume   https://t.co/225ef6MkXt',361992566
226,cardinals,2022-11-24 16:55:29+00:00,b'@DanielKriete4 The Arizona Cardinals! #BirdCityFootball',1431836106618720257
227,cardinals,2022-11-24 16:52:05+00:00,b'Cardinals Find Ways To Adjust With Another Coaching Change #CardinalsFootball #CardinalsNews #BirdCityFootball #RiseUpRedSea https://t.co/QX8GHmfzGS',3011726562
228,cardinals,2022-11-24 15:44:44+00:00,b'@UnitedSt8Of_Ham We are with you Ham and know that you will bounce back. Your too strong to get down from one tough week. Let\xe2\x80\x99s get back on track this Sunday and I\xe2\x80\x99ll be there cheering you on \xf0\x9f\x99\x8c\xf0\x9f\x8f\xbc#BirdCityFootball',1490785729
229,cardinals,2022-11-24 15:35:00+00:00,b'Chargers-Cardinals injury report: Rondale Moore listed out Wednesday #BeRedSeeRed #BirdCityFootball #CardinalsNation https://t.co/gpDcwTNOmW',3011726562
230,cardinals,2022-11-24 15:24:01+00:00,b'Kyler Murray Expected Back In Starting Lineup Against Chargers #CardinalsFootball #CardinalsNews #BirdCityFootball #RiseUpRedSea https://t.co/10uGgXSEAz',3011726562
231,cardinals,2022-11-24 15:13:00+00:00,b'Injury Report: Week 12 Vs. Los Angeles Chargers #CardinalsFootball #CardinalsNews #BirdCityFootball #RiseUpRedSea https://t.co/sZee4I3bj1',3011726562
233,cardinals,2022-11-24 14:07:00+00:00,b'Kyler Murray expects to start Sunday vs. Chargers #BeRedSeeRed #BirdCityFootball #CardinalsNation https://t.co/cjjw8K2kdr',3011726562
234,cardinals,2022-11-24 13:56:01+00:00,b'Kyler Murray feels good about playing against Chargers #BeRedSeeRed #BirdCityFootball #CardinalsNation https://t.co/pA4Ij5QsuK',3011726562
235,cardinals,2022-11-24 13:45:16+00:00,b'Live: Kyler Murray Press Conference Week 12 vs. Chargers #CardinalsFootball #BirdCityFootball #RiseUpRedSea https://t.co/EXFn8M605b',3011726562
236,cardinals,2022-11-24 13:34:00+00:00,b'Live: Kliff Kingsbury Press Conference Week 12 vs. Chargers #CardinalsFootball #BirdCityFootball #RiseUpRedSea https://t.co/WKXwn7mmK1',3011726562
237,cardinals,2022-11-24 13:12:00+00:00,"b'Cardinals sign WR Phraoh Cooper, S JuJu Hughes to practice squad #CardinalsFootball #BirdCityFootball #RiseUpRedSea https://t.co/JdOb3RFXX6'",3011726562
238,cardinals,2022-11-24 12:47:18+00:00,b'Happy thanksgiving to all of my #Birdgang @AZCardinals family \xf0\x9f\x99\x8f\xf0\x9f\x92\x95  #BirdCityFootball',895111110
239,cardinals,2022-11-24 11:57:48+00:00,"b'Pharoh Cooper, WR: Signed to the practice squad by Arizona (ARI)  #NFLTransactions #NFL #NFLNews #ArizonaCardinals #BirdCityFootball'",1559920557906337792
240,cardinals,2022-11-24 11:57:48+00:00,"b'JuJu Hughes, S: Signed to the practice squad by Arizona (ARI)  #NFLTransactions #NFL #NFLNews #ArizonaCardinals #BirdCityFootball'",1559920557906337792
241,cardinals,2022-11-24 11:51:00+00:00,"b'WR Pharoh Cooper, S JuJu Hughes sign with Cardinals practice squad #BeRedSeeRed #BirdCityFootball #CardinalsNation https://t.co/rlyvqGxnRy'",3011726562
242,cardinals,2022-11-24 11:46:45+00:00,b'Final injury reports for both teams https://t.co/l5eCXsXA37\xe2\x80\xa6  #Skol\xc2\xa0\xc2\xa0 #Patriots #NFLTwitter\xc2\xa0\xc2\xa0 #TNFonPrime\xc2\xa0 #BoltUp\xc2\xa0 #BirdCityFootball\xc2\xa0  @T_Peters27 @terr_peters27 @TeePeters27 @T_Peters177 @MikeClayNFL @MikeTagliereNFL @mikefreemanNFL  https://t.co/JDNDcoUWY2 https://t.co/mSCeji5X2f',439832704
243,cardinals,2022-11-24 11:40:02+00:00,b'Arizona Cardinals sign Pharoh Cooper to practice squad with Rondale Moore and Greg Dortch hurting #CardinalsFootball #BirdCityFootball #RiseUpRedSea https://t.co/A02Vgr4RuR',3011726562
244,cardinals,2022-11-24 10:23:00+00:00,b'Cardinals Bring Back Pharoh Cooper To Practice Squad #CardinalsFootball #CardinalsNews #BirdCityFootball #RiseUpRedSea https://t.co/F1H3G6Y1KA',3011726562
245,cardinals,2022-11-24 10:01:26+00:00,b'Cardinals a potential coaching destination for Sean Payton #CardinalsFootball #BirdCityFootball #RiseUpRedSea https://t.co/LziNOXruJc',3011726562
246,cardinals,2022-11-24 10:01:08+00:00,b'Final injury reports for both teams https://t.co/l5eCXsXA37\xe2\x80\xa6  #Skol\xc2\xa0 #Patriots #NFLTwitter\xc2\xa0 #TNFonPrime #BoltUp #BirdCityFootball  @T_Peters27 @terr_peters27 @TeePeters27 @T_Peters177 @MikeClayNFL @MikeTagliereNFL \xe2\x81\xa6@mikefreemanNFL\xe2\x81\xa9  https://t.co/WGXEiybdEK https://t.co/q3fefbrL1f',439832704
247,cardinals,2022-11-24 08:22:01+00:00,b'Behind Enemy Lines: Chargers sign rookie K Cameron Dicker to roster #BeRedSeeRed #BirdCityFootball #CardinalsNation https://t.co/Pp8pfsXtWn',3011726562
248,cardinals,2022-11-24 08:14:43+00:00,"b'F*** this clown.   \xe2\x80\x9cSteroids boy\xe2\x80\x9d?   @itslilmooney, enjoy giving up +150 to @DeAndreHopkins Week 18 \xf0\x9f\x91\x8d\xf0\x9f\x8f\xbb #RedSea #BirdCityFootball https://t.co/icyTB194lO'",1346933275315605508
249,cardinals,2022-11-24 08:11:00+00:00,b'Sean Kugler fired in Mexico after allegedly groping woman #CardinalsFootball #BirdCityFootball #RiseUpRedSea https://t.co/jH6SoJ4U2E',3011726562
250,cardinals,2022-11-24 08:10:59+00:00,b'Cardinals a potential coaching destination for Sean Payton https://t.co/M8QzyBg4AN via @cards_wire  #BirdCityFootball #BoltUp  Done deal? or in the works? Any word @RapSheet @T_Peters27 @terr_peters27',439832704
251,cardinals,2022-11-24 07:27:01+00:00,b'Cardinals Hope To Re-Sign DL Zach Allen #BeRedSeeRed #BirdCityFootball #CardinalsNation https://t.co/dvMa1jjiFk',3011726562
252,cardinals,2022-11-24 07:16:02+00:00,b'Cardinals Fire O-Line Coach Sean Kugler #BeRedSeeRed #BirdCityFootball #CardinalsNation https://t.co/F3onARgrCk',3011726562
253,cardinals,2022-11-24 07:05:00+00:00,b'Is Sean Payton seriously interested in coaching the Arizona Cardinals? #CardinalsFootball #BirdCityFootball #RiseUpRedSea https://t.co/24tqWJlMKH',3011726562
254,cardinals,2022-11-24 06:54:03+00:00,b'Arizona Cardinals head coach dodges questions regarding Kugler #CardinalsFootball #BirdCityFootball #RiseUpRedSea https://t.co/lnO8lUWzb0',3011726562
255,cardinals,2022-11-24 06:43:01+00:00,"b'After OL Coach Sean Kugler Fired for Groping Woman, Arizona Cardinals and Kliff Kingsbury Punt Responsibility #BeRedSeeRed #BirdCityFootball #CardinalsNation https://t.co/Tv6JKLmbSg'",3011726562
256,cardinals,2022-11-24 06:26:18+00:00,b'Kugler you dumb fck! #BirdCityFootball \xf0\x9f\xa4\xa1 https://t.co/TJn6HJsgfx',1567888311104012289
257,cardinals,2022-11-24 06:14:38+00:00,b'Hard knocks \xf0\x9f\x98\x92. #BirdCityFootball',1128936388752171009
258,cardinals,2022-11-24 05:26:00+00:00,b'Cardinals assistant Sean Kugler fired in Mexico for allegedly groping woman #BeRedSeeRed #BirdCityFootball #CardinalsNation https://t.co/gU7nJD6kW1',3011726562
259,cardinals,2022-11-24 05:15:00+00:00,b'2022 ROTB \xe2\x80\x9cPick 3\xe2\x80\x9d vs. Spread Competition Week 12 #CardinalsFootball #BirdCityFootball #RiseUpRedSea https://t.co/gR4wzKkzz3',3011726562
260,cardinals,2022-11-24 04:43:13+00:00,b'That Hard Knocks episode was trash. #HBO #BirdCityFootball #HardKnocks',999342309144702981
261,cardinals,2022-11-24 04:15:01+00:00,b'Report: Cardinals fired Sean Kugler for groping a woman in Mexico City #BeRedSeeRed #BirdCityFootball #CardinalsNation https://t.co/lUHptgCckG',3011726562
262,cardinals,2022-11-24 04:11:25+00:00,b'#HardKnocks Episode 3 thread reaction #AZCardinals #BirdCityFootball',1120914217639366656
263,cardinals,2022-11-24 04:04:01+00:00,b'Upon Further Review...(Sean Kugler Update) #CardinalsFootball #BirdCityFootball #RiseUpRedSea https://t.co/0zu52pmmIQ',3011726562
264,cardinals,2022-11-24 03:53:00+00:00,b'Depth Of Field: Week 11 Vs. San Francisco In Mexico #CardinalsFootball #CardinalsNews #BirdCityFootball #RiseUpRedSea https://t.co/KdNTjHg7rj',3011726562
265,cardinals,2022-11-24 03:42:32+00:00,b'Greg Dortch the Torch. I like it #BirdCityFootball #HardKnocks https://t.co/JxuNUIQgZB',1576336345
266,cardinals,2022-11-24 03:42:00+00:00,"b'How To Watch: Chargers vs. Cardinals, Week 12 #CardinalsFootball #CardinalsNews #BirdCityFootball #RiseUpRedSea https://t.co/t5jAXowXQO'",3011726562
267,cardinals,2022-11-24 03:20:10+00:00,b'Shame on you! #HardKnocks this is weak as hell!   Ain\xe2\x80\x99t no way the cameras are not rolling when the REAL stories happen..   #BirdCityFootball #AZCardinals',1179757233590042626
268,cardinals,2022-11-24 03:00:02+00:00,"b'A new episode of #HardKnocks In Season, featuring @CoreyClement_6, @JJWatt, and the Arizona Cardinals, starts right NOW on HBO and HBO Max!  #NFLBadgers x #BirdCityFootball'",1037939803638194181
269,cardinals,2022-11-24 02:24:01+00:00,"b'Bird Droppings: Arizona Cardinals embarrassed in Mexico, fire Sean Kugler before Monday Night Football and more #CardinalsFootball #BirdCityFootball #RiseUpRedSea https://t.co/DYM3ng5kup'",3011726562
270,cardinals,2022-11-24 02:03:36+00:00,b'ICYMI-- Last night I was joined by @Townbusiness37 @Rod_cali247 @sportstalkingit and SPECIAL GUEST: @TheWiseSole as we OVERREACTED to the #SFvsAZ game! It was a fun show on REPPIN With Gina G @ReppinWithGinaG LIKE &amp; COMMENT PLZ! #FTTB #BirdCityFootball  https://t.co/AEA0s3w8AX',1138161870903291909
271,cardinals,2022-11-24 02:02:14+00:00,"b'Arizona Cardinals vs. Los Angeles Chargers live stream, TV channel, start time, odds | Week 12 #CardinalsFootball #BirdCityFootball #RiseUpRedSea https://t.co/tJmAyC7Vuk'",3011726562
272,cardinals,2022-11-24 01:59:24+00:00,b'My prediction for the next 6 games:) #BirdCityFootball #birdgang w/9-8record:) #AZCardinals #RedSea \xf0\x9f\xa4\x94\xf0\x9f\x99\x8f\xf0\x9f\x91\x8c\xf0\x9f\x90\xa4 https://t.co/kzW7h091Xb',1569067328603824128
274,cardinals,2022-11-24 01:29:00+00:00,"b""Sideline Exchange: Steve Trout from 'Hard Knocks' #CardinalsFootball #BirdCityFootball #RiseUpRedSea https://t.co/OGZgsAovQa""",3011726562
275,cardinals,2022-11-24 01:20:40+00:00,b'@espn WEATHER  12/7/1997 Washington Redskins @ Arizona Cardinals 57 degrees- relative humidity 82%- wind 6 mph Final Score... Washington Redskins: 38 Arizona Cardinals: 28  #NFL #BirdCityFootball #WashingtonFootball https://t.co/RSgYv2PpD9',1474902145652637696
276,cardinals,2022-11-24 01:16:10+00:00,"b'@SportsCenter @TJOshie77 PLAYER  David Galloway Born 2/16/1959 From Tampa, FL College: Florida Drafted by the St. Louis Cardinals in the 2nd round in 1982 Position: DT-DE-NT  #NFL #BirdCityFootball #Gators https://t.co/I7l7I8eWcF'",1474902145652637696
277,cardinals,2022-11-24 00:36:02+00:00,"b'Cards QB Kyler Murray, a full participant in Cards practice Wednesday. #BirdCityFootball   https://t.co/aHCdyzGdT4   Kyler Murray feels good, believes he will play Sunday vs. Chargers'",439832704
278,cardinals,2022-11-24 00:34:00+00:00,b'Cardinals safety Budda Baker among 32 players nominated for NFL sportsmanship award #BeRedSeeRed #BirdCityFootball #CardinalsNation https://t.co/NoTs2cO32L',3011726562
279,cardinals,2022-11-24 00:23:00+00:00,"b""'Hard Knocks': Colt McCoy Gets In Last-Minute Film Study #CardinalsFootball #CardinalsVideos #BirdCityFootball #RiseUpRedSea https://t.co/1F67MihlbL""",3011726562
280,cardinals,2022-11-24 00:12:00+00:00,"b""'A Football Life': Edgerrin James Deals With Adversity With Cardinals #CardinalsFootball #CardinalsVideos #BirdCityFootball #RiseUpRedSea https://t.co/pGzN0V3Ogw""",3011726562
281,cardinals,2022-11-24 00:01:21+00:00,"b'Arizona Cardinals vs. Los Angeles Chargers odds, tips and betting trends | Week 12 #CardinalsFootball #BirdCityFootball #RiseUpRedSea https://t.co/kG0qWEzXAG'",3011726562
282,cardinals,2022-11-23 23:39:00+00:00,"b'Former Cardinals Anquan Boldin, Dwight Freeney named 2023 HOF semifinalists #BeRedSeeRed #BirdCityFootball #CardinalsNation https://t.co/FbzzY5bZvq'",3011726562
283,cardinals,2022-11-23 23:07:24+00:00,b'Def watching this next hard knocks \xf0\x9f\x98\x82#BirdCityFootball            \xf0\x9f\x8d\xbb\xf0\x9f\xab\xb3\xf0\x9f\x8f\xbb\xf0\x9f\x92\x83\xf0\x9f\x8f\xbe\xf0\x9f\xa4\x8f\xf0\x9f\x8f\xbb\xf0\x9f\x87\xb2\xf0\x9f\x87\xbd',1411519723108388866
284,cardinals,2022-11-23 22:44:43+00:00,b'There is optimism Kyler Murray gets back to action against the #Chargers... \xf0\x9f\x91\x80 \xf0\x9f\x90\xa6  (via @Cardschatter) #NFL #LACvsAZ #BirdCityFootball https://t.co/OpQORL1Ei7',517963352
285,cardinals,2022-11-23 22:16:58+00:00,"b""NEW #PODCAST EPISODE   E153 - Out-Gunned! Out-Fought! Out-Matched! Out-Everything'd!!!  https://t.co/vciUYOBem9   #BeRedSeeRed #Birdgang #BirdCityFootball #NFL #NFLUK #NFLTwitter #podernfamily #podcastandchill""",573831827
287,cardinals,2022-11-23 22:01:31+00:00,"b'To have any chance to win collusion case, NFLPA will need access to key texts, emails #BeRedSeeRed #BirdCityFootball #CardinalsNation https://t.co/NrQWRTGLfe'",3011726562
288,cardinals,2022-11-23 22:00:13+00:00,b'Deandre Hopkins IG story \xf0\x9f\xa5\xb6 #NFL #BirdCityFootball #FTTB https://t.co/P5ROf14RkG',1174840888369065984
289,cardinals,2022-11-23 21:49:16+00:00,b'Cardinals rookie Trey McBride garnered bulk of TE reps Monday vs. 49ers #BeRedSeeRed #BirdCityFootball #CardinalsNation https://t.co/AJP7lsInha',3011726562
290,cardinals,2022-11-23 21:38:00+00:00,b'Arizona Cardinals were doomed during the club\xe2\x80\x99s uneventful offseason #CardinalsFootball #BirdCityFootball #RiseUpRedSea https://t.co/D2WsDHxtj4',3011726562
291,cardinals,2022-11-23 21:36:09+00:00,"b""Poor form from Zach Ertz who delivered a DNP on today's walk-through. Just days after undergoing surgery, being photographed following it being a success and he's not on the field? Not a good team mate. Shocked. #BirdCityFootball""",573831827
292,cardinals,2022-11-23 21:29:43+00:00,"b""That's good to hear, even as Chargers fan, but someone who'll be out @StateFarmStdm on Sunday &amp; with the Cards season on the brink, 100% or not, Kingsbury had no choice. #BirdCityFootball #BoltUp #LACvsAZ https://t.co/VuH5TRNNXa""",1185766026790592512
293,cardinals,2022-11-23 21:22:10+00:00,b'If there\xe2\x80\x99s any truth to this? \xe2\x80\x9823 onwards would be huge if so.... #BirdCityFootball https://t.co/mRkDbGLXs8',69302794
295,cardinals,2022-11-23 21:16:01+00:00,"b'Cardinals release RB Jonathan Ward from IR, 2 others from practice squad #CardinalsFootball #BirdCityFootball #RiseUpRedSea https://t.co/CXfNKqpk5W'",3011726562
296,cardinals,2022-11-23 21:05:01+00:00,"b'Cardinals fire O-line coach, run-game coordinator Sean Kugler before 49ers game #CardinalsFootball #BirdCityFootball #RiseUpRedSea https://t.co/netsF2GTzE'",3011726562
297,cardinals,2022-11-23 21:00:11+00:00,"b""11/23/97 \xe2\x80\x93 @snakestakes hit Frank Sanders for a 4yd TD on 4th &amp; G (8:34 left in 4Q). BALT drove for a FG before Jake led AZ on a 6-play, 55yd drive w/:34 left for a Joe Nedney 43yd FG at the buzzer &amp; 16-13 win over the Ravens, Jake's first career 4Q comeback. #BirdCityFootball https://t.co/0EgbevFDId""",1014026853353308161
298,cardinals,2022-11-23 20:31:10+00:00,b'One project this afternoon is going back and doing more years of Post-Game Win Expectancy. One of my discoveries: the Cardinals had 90.3% PGWE in Super Bowl XLIII. They outplayed the Steelers except in that final minute. #AZCardinals #BirdCityFootball',83888782
299,cardinals,2022-11-23 20:10:00+00:00,b'Cardinals Underground - Keeping Up With The NFCW Joneses #CardinalsPodcast #CardinalsFootball #BirdCityFootball #RiseUpRedSea https://t.co/3qhozXPQJU',3011726562
300,cardinals,2022-11-23 20:09:45+00:00,b'Charvarious Ward went crazy on DeAndre Hopkins after the Niners big win in Mexico City... \xf0\x9f\x97\xa3\xef\xb8\x8f (via @nbcbayarea) #NFL #FTTB #BirdCityFootball https://t.co/xi623tphvP',517963352
301,cardinals,2022-11-23 19:58:32+00:00,"b""Here's the #AZCardinals' depth chart for Sunday's game vs. #Chargers. #BirdCityFootball #BoltUp https://t.co/f7BY7ynrsZ""",16615190
302,cardinals,2022-11-23 19:29:51+00:00,"b'Sean Payton has to be salivating at the chance to coach the Arizona Cardinals.   Cmon, Coach. We need you. #BirdCityFootball'",3243875942
303,cardinals,2022-11-23 19:23:07+00:00,"b""#AZCardinals HC Kliff Kingsbury says Rondale Moore probably won't be available this week.   Classified Greg Dortch as day-to-day  #BirdCityFootball""",50192971
304,cardinals,2022-11-23 19:08:12+00:00,b'Three photo albums are up on our Facebook of each day.  Search Birdgang Travel Club &amp; like our page while you are there.  \xe2\x9a\xab Saturday registration / pep rally  \xf0\x9f\x94\xb4 Sunday NFL watch party  \xe2\x9a\xab Monday Tailgate  Photos courtesy: \xf0\x9f\x93\xb8 @mike_yduarte  #birdcityfootball https://t.co/TIJbBYD4U0',4846683095
305,cardinals,2022-11-23 19:04:01+00:00,b'Charvarius Ward sounds off on \xe2\x80\x9csteroid boy\xe2\x80\x9d DeAndre Hopkins #BeRedSeeRed #BirdCityFootball #CardinalsNation https://t.co/vWEcT4Yaeo',3011726562
306,cardinals,2022-11-23 18:53:04+00:00,b'Minor NFL Transactions: 11/22/22 #BeRedSeeRed #BirdCityFootball #CardinalsNation https://t.co/YbCfQwXdLg',3011726562
307,cardinals,2022-11-23 18:42:00+00:00,b'Cardinals Underground - Keeping Up With The NFCW Joneses #CardinalsFootball #CardinalsAudio #BirdCityFootball #RiseUpRedSea https://t.co/dJUznhLHVY',3011726562
308,cardinals,2022-11-23 18:25:53+00:00,b'EXACTLY\xe2\x80\xbc\xef\xb8\x8f\xe2\x80\xbc\xef\xb8\x8f\xe2\x80\xbc\xef\xb8\x8f I\xe2\x80\x99ve been saying this since I saw it in real time. This is crazy. \xf0\x9f\x98\x82\xf0\x9f\x98\x82 #FTTB #BirdCityFootball #SFvsAZ #NFL #NFLTwitter #GeorgeKittle @49ers https://t.co/1Wo1sgv4eZ',326952732
309,cardinals,2022-11-23 18:13:13+00:00,"b'I just want the Cardinals to win a Super Bowl man. They need to do what it takes to get there, and I\xe2\x80\x99d prefer if they did it while I\xe2\x80\x99m still young and able to fully enjoy it! #AZCardinals #BirdCityFootball'",192081572
310,cardinals,2022-11-23 18:12:56+00:00,b'#BirdCityFootball Mikey bidwell make the move or sale the team #Businessdecisions. https://t.co/DTFBIGDk62',3271332013
311,cardinals,2022-11-23 18:12:26+00:00,b'Lone highlight of the #AZCardinals road trip to Mexico City. #MNF #BirdCityFootball #AZvsSF https://t.co/DDGbes7nYM',1185766026790592512
312,cardinals,2022-11-23 18:09:30+00:00,b'Sean Payton as cardinals head coach is a must \xf0\x9f\xa4\xb2\xf0\x9f\x8f\xbe #BirdCityFootball',3271332013
313,cardinals,2022-11-23 17:59:45+00:00,"b""How the #AZCardinals' roster stacks up for Sunday's game against the #Chargers. #BoltUp #BirdCityFootball  https://t.co/HYcA80nhPR""",4923452545
314,cardinals,2022-11-23 17:58:06+00:00,b'Arizona Cardinals open as home underdogs against Los Angeles Chargers #CardinalsFootball #BirdCityFootball #RiseUpRedSea https://t.co/0hHnbQnGHe',3011726562
